0273cf83-8ec3-46e6-ac94-8207bc5b611f,2020-03-28,13:53,0,Wolfgang-6re4gZUWg,negative,negative,neutral,neutral,"Wenn ich mir diesen Trump so betrachte und sehe dass die Zustimmung  für Donald Trump wächst, kann man sich nur wünschen, dass er und seine Befürworter an covid 19 langsam krepieren. Dann hat der Rest der USA und die Welt ein riesiges Problem weniger."
0ca2dbf4-94b1-443e-80b8-78ec425a44cb,2020-08-13,20:53,0,Wo_St,negative,negative,neutral,neutral,"Alle jubeln, Söder hat einen Fehler gemacht. Die CDU ist froh einen lästigen Kanzlerkandidaten los zu sein."
5a72edbe-c792-493b-a03b-94aabb5a18e8,2021-01-17,09:27,0,Anna-8tGbz9uWg,positive,negative,maskenpflicht,überblick,"Wenn ich jetzt noch lese, dass Heimbesucher jetzt erst dazu verpflichtet werden sollen Masken zu tragen und man über Maskenpflichten diskutiert und vielleicht gegen Ausgangssperrungen abwägt, dann frage ich mich , wie verrückt man sein kann. Es müsste doch jedem klar sein, dass man fast überall (bei Fremdkontakt sogar zu hause) und sonst in jedem Gebäude , manchmal auch im Freien, eine Maske tragen sollte."
232ea75b-0251-4ce3-bf64-89bebbb02548,2020-11-09,16:10,0,muscipula,neutral,neutral,maßnahmen,arbeit,"Hört sich ja alles schön an. Wie auch im Artikel angedeutet, liegt das Problem meiner Meinung nach darin, dass es für Selbständige deutlich mehr Möglichkeiten für Missbrauch gibt als für abhängig beschäftigte. Der bürokratische Aufwand das auszuschließen scheint mir doch sehr hoch. Man muss sich wirklich die Frage stellen, ob es nicht einfach weiterhin zum Wesen der Selbständigkeit gehören sollte auf eigene Faust (ob durch Rücklagen oder freiwillige, private Versicherungen) vorzusorgen. Wenn die Antwort „nein“ ist, könnte man sich ja genauso gut fragen warum selbständige nicht in die gesetzliche Rentenversicherung einzahlen müssen. Gut fürs System wäre es. "
736a2b36-41f1-4f9f-aa39-514a7e5a568b,2020-08-29,10:59,0,flo,negative,neutral,demos,demos,"Seite an Seite mit Neonazis für die Einhaltung der Grundrechte zu demonstrieren, ist doch schon irgendwie seltsam, oder nicht?"
ff86811a-4836-4815-b6d5-0f2cce8f23f1,2021-04-11,13:20,0,HAL5003,positive,neutral,politik,überblick,"Bundesarbeitsminister Hubertus Heil (SPD) will schon am Dienstag eine Corona-Testpflicht für Unternehmen in ganz Deutschland im Kabinett durchsetzen – obwohl die Union eine solche Pflicht bisher ablehnt.  Sehr gut. Die SPD gewinnt im Verlauf der Pandemie mehr und mehr ein positives Profil, im Gegensatz zu vielen Bremsern in der CDU. Das freut mich - für die SPD und für mich im Hinblick auf den Herbst. Jetzt müssen die nur noch Leute wie Eskens und Kühnert politisch kaltstellen, dann könnte es sich auszahlen."
c5bc4847-03d7-41b2-a51b-4f97c0c609af,2020-07-27,16:49,0,Florian-Okp7IMGZR,negative,neutral,reise,überblick,"Also wer meint er müsste ins Risikogebiet fahren, der MUSS dann halt auch selber für den Test zahlen... Alternativ kann er ja entweder daheim bleiben oder wohin fahren, wo er keinen Test braucht. Wenn man ins Ausland reisen will wo bestimmte Impfungen Pflicht sind, zahlt einem auch keiner die Impfung und es regt sich auch keiner auf. Freie Wahl!"
17e3b3ff-41b1-4acf-b83f-bcc4c5f24cce,2020-03-23,14:07,0,Jan-TkbT2NUZR,neutral,neutral,infektion,infektion,"Junge Menschen gehen leichter Risiken ein. Ob jetzt bei Infektionskrankheiten oder mit schnellen Autos. Das ist ja nicht wirklich neu, das hat auch nichts damit zu tun, dass sie es nicht verstehen könnten, sie fühlen etwas anderes. "
a56b7524-14a9-48ac-b5f5-788d95a15eaf,2021-03-19,09:46,0,asp,negative,negative,politik,infektion,Was bitte hat schon wieder Herr Lauterbach zu melden? Entscheidet er jetzt über den Lockdown?
c18d80af-6e19-465b-ac91-a45b2b44421f,2020-05-24,20:21,0,shotaro_kaneda,neutral,neutral,maßnahmen,maßnahmen,"Herr Ramelow hat den Schritt doch klar mit den sehr niedrigen Infektionszahlen begründet. Und nicht die Rücknahme der Einschränkungen bedarf einer Begründung, sondern deren Aufrechterhaltung. Und 5,8 Neuinfektionen pro 100.000 Einwohner innerhalb einer Woche rechtfertigen die Beschränkungen nun einmal nicht mehr. Sollten die Werte regional wieder steigen, können regional Maßnahmen getroffen werden, ohne alle anderen Menschen in Thüringen einzuschränken. Klingt für mich eher plausibel und vernünftig und nicht wie eine Anbiederung an Verschwörungstheoretiker. Und in Pflegeheimen werden die Menschen auch ohne Landesverordnung trotzdem weiterhin Mundschutz tragen. "
b40abc81-7ca3-4a18-a76b-d6ba32c79745,2020-08-18,17:47,0,Sean-vI0S87UZg,neutral,neutral,tests,reise,"Shit Happens,  nicht die Zeit mit Blödsinn vergeuden. Ich glaube nicht, dass das mutwillig geschehen ist."
f08b28d7-51c6-490b-a300-e2ac77f6609f,2021-01-25,10:36,0,TulliusCicero-sbEmn6BGg,negative,negative,politik,überblick,"Der Mann macht seinem Namen alle Ehre.  Der Ostbeauftragte der Bundesregierung, Marco Wanderwitz (CDU), .......  "
a248d61a-9e8f-4dcc-9929-e5c4953af015,2021-05-22,04:26,0,Siebke,neutral,negative,impfung,impfung,Denke an die Journalistin bei Hard aber Fair aus Spanien. Hier sind die jungen Leute froh das ihre Elter und Großeltern geimpft werden können. Sie haben ihnen in der Wirtschaftskrise extrem geholfen und sind und waren immer für sie da ! Auch in meiner Familie gibt es diese Gedankengänge nicht . Was ist ein Jahr bei Jungen ? aber wie kurz kann ein Jahr bei den Großeltern u. Urgroßeltern sein ? Frage meiner Enkeltochter und Nichte ! 
00fcef90-e1bc-46e4-9e3f-c16779b7cce1,2020-04-30,19:30,0,Axel-4ZAL_QsWR,positive,neutral,lockerung,lockerung,"Zu Spielplatzöffnungen:Gerade Kleinkinder sind SEHR viel seltener Coronaposisitiv als Jugendliche und Erwachsene.Deshalb ist das Öffnen der Spielplätze unbedingt zu befürworten, Berlin praktiziert es ja bereits.Das nächste sollten die Kindergärten sein, da bin ich ganz bei Frau Giffey mit ihrem gesunden Menschenverstand"
1a24c2e2-58a9-4e6c-b9bd-64f73537a38b,2020-04-10,19:11,0,muscipula,negative,negative,maßnahmen,maßnahmen,"Die Leute merken halt, dass die Maßnahmen überzogen waren bzw. sind. Das ist alles... Ich hoffe, dass der Druck auf die Politik weiter wächst. "
f55b5632-8d86-4143-bf45-a7299e4ba72a,2021-04-24,09:47,0,Artificial_Stupidity,neutral,neutral,maßnahmen,überblick,"Nur mit den in dieser Woche beschlossenen bundesweiten Einschränkungen sei es möglich, in überschaubarer Zeit von den sehr hohen Corona-Infektionsraten wieder herunterzukommen.  Das glaube ich ehrlich gesagt nicht, lasse mich aber gerne eines Besseren belehren. Das wird vielleicht eine oder zwei Wochen sinken, und dann haben sich die Leute wieder dran gewöhnt und machen ihr Ding. So wie bei den letzten paar Maßnahmenänderungen auch. Am Ende wird es die Impfkampagne richten, so meine Prognose."
7b7bfed4-764b-4eaf-9ea6-1b0ebdcf0e1d,2021-04-21,06:30,0,Michael-ojadHVyGR,negative,negative,politik,überblick,"Nein, die Inzidenz ist der einzig wahre Wert. Jetzt andere Werte in die Gesamtlage miteinzukalkulieren würde ja bedeuten, dass die Politik 13 Monate lang eigentlich zu doof war. "
5f79db59-e024-4da8-9aa6-a278bf02ab77,2021-02-05,07:00,0,Dirk-_HUHXwLMR,neutral,negative,wirtschaft,wirtschaft,"Ja klar die CO2 Steuer einführen, damit man dann die Flughäfen retten kann. So geht Umweltschutz."
1e83d2b9-8fb4-4f59-bdf5-aa46e96e9a59,2021-03-22,20:06,0,Vibeke,negative,neutral,politik,überblick,"Liebe Foristen (wenn Sie mir erlauben),  Ich möchte mich bei allen Foristen entschuldigen.  Letztes Jahr von März bis zum spät ins Sommer habe ich viele Male in diesem Forum geschrieben und Ihnen gesagt, dass Sie der Regierung gegenüber zu skeptisch und ungerecht sind. Ich schrieb, dass wir uns in Deutschland so gut durch Corona gekommen sind. Ich schrieb, ich sei stolz. dass wir uns im Vergleich zu anderen Nationen so gut geschlagen hatten.   Es ist mir peinlich, weil ich glaube sogar dass ich einige von euch beleidigt habe. Sie hatten die ganze Zeit Recht. Ihre Skepsis erwies sich als berechtigt  Ich lag falsch! "
248b2e06-991b-4242-8e16-2aa1a49e9ba5,2021-02-25,17:55,0,Zaunreiter35,positive,neutral,tests,maßnahmen,"Ich bin zwar schon über 50, kann aber ""die jungen Leute"" - wenn die Umfrage denn so ausgegangen ist - verstehen. Den Negativtest könnte ich mir gut für einen Mittelaltermarkt, für ein Konzert von E- oder U-Musik oder für eine Kirmes vorstellen. Da ich aber auch so gern mal wieder ins Fitness-Studio gehen würde, könnte ich mir den Test auch dafür vorstellen."
0b7e52ec-0190-4833-8518-8209110e3cd5,2020-11-25,07:36,0,Nutzer-4Xg6WNhGg,neutral,negative,freizeit,infektion,Bis zum 4. Advent sind wir durch und können uns dann auf das Fest konzentrieren. Es war ein hartes Jahr.
494ca254-42f5-4e5c-af4f-9347471ccb63,2020-05-23,09:03,0,BeckersHeinz,negative,negative,lockerung,infektion,"Fakt ist:  Der Bürger hat in Panik harte Maßnahmen gefordert gegen Corona und so die Wirtschaft gecrashed. Dem ""lasst Corona passieren"" - Weg wurde eine ganz klare Absage erteilt!  Ich weiß noch ganz genau, was hier im Forum los war Mitte März. Wer ""aber"" zu den Maßnahmen gesagt hat, wurde hier praktisch als gewissenloser Mörder denunziert!   Bitte rechtfertigen Sie mir intellektuell den Abbruch einer Therapie (lockdown) kurz VOR Erreichen des Ziels,  NACH eintreten der vollen Nebenwirkungen!  In 2 Wochen stehen wir mit dem Virus wieder da wie Mitte März, aber die Wirtschaft ist schon gecrashed!  Rechtfertigen Sie sich! Und erzählen Sie nicht, Sie hätten hier im März nicht laut nach harten Maßnahmen gerufen. Die Anti-Lockdown Fraktion ließ sich hier damals an einer Hand abzählen! Und im Gegensatz zu heute waren die Argumente damals valide!"
0dd1ecd2-d63c-4ac3-a849-e8e4e1fe434a,2021-04-02,09:47,0,Milan,neutral,neutral,infektion,intensivstationen,Über Ostern werden die Zahlen weiter steigen. Danach kommt der Ramadan. Beides Familien Feierlichkeiten mit hoher Begegnungsfluktuation. Die Intensivmedizin warnt nicht ohne Grund.  
b0b216c7-cb8b-4edf-8e53-4f53637c49e0,2020-03-26,22:19,0,EagleEye,negative,negative,politik,intesivstationen,"In dieser  Situation macht es ja wirklich Sinn, Beatmungsgeräte, Ärzte und Masken nach Italien zu geben und Kranke aus Italien und Frankreich nach Deutschland zu holen. Da wollen sich wieder Politiker im Ausland beliebt machen. Würden Frankreich und Italien ebenso Deutschland helfen? Never. "
7cbfec50-b65f-4e97-b01e-f461e88f4b51,2020-04-20,17:24,0,Christoph-s9J3h7PZR,negative,negative,maßnahmen,überblick,"Richtig, die Kita-Kinder aber auch die jüngeren Grundschüler werden Viren schleudern sein. Dazu muss keine Arbeitsgruppe eingerichtet werden, sondern das liegt in der Natur der Personen. Wer selbst Kinder hat, weiß wovon die Rede ist. Hygieneregeln bei 3 bis 7 jährigen werden so erfolgreich sein wie die Entziehungskur auf dem Oktoberfest(sinngemäß  Harald Schmidt ). Wenn die Gesellschaft diese Familien nicht auf unabsehbare Zeit ausgrenzen will, sind die damit einhergehenden Risiken im Grunde genommen der Preis unserer Freiheit. Da die Kinder selbst kaum gefährdet sind, sind doch nur die Problemgruppen in der Verantwortung, in der Eigenverantwortung. Aber das sind halt Wähler. Ich warte immer noch auf die Lichtgestalt, die diese Eigenverantwortung herausstellt und der Gesellschaft dramatisch vor Augen führt, dass diese Epidemie noch lange nicht zu Ende ist, kein Spaziergang werden wird, mit Mundschutz vielleicht etwas abgemildert werden kann, am Ende viele traurige Spuren hinterlassen wird."
855c1ae5-aa3b-4497-bf62-a2b450564320,2021-03-18,18:35,0,Karl-Ernst -5k_i_MEWg,neutral,neutral,impfung,impfung,"Und was heisst das jetzt. Empfohlen wurde er auch vorher von der EMA, hat aber vorsorglich die über 65-Jährigen bis vor kurzem ausgenommen. Jetzt empfehlen sie wieder alle zu impfen, aber die Bundesregierung kann ja trotzdem festlegen, dass man z.B. nur noch Männer damit impft, und den Frauen den Biontech-Impfstoff impft, oder wenigsten bei den 16 bis 40 Jährigen verimpft. Das wäre ja ein gangbarer Kompromiss."
56e81746-431f-4565-9ea8-762b96fa2b50,2020-05-14,08:42,0,KlausderAndere,negative,negative,politik,demos,"Einem schon immer politisch Mitte-Links-weiter Links argumentierenden Richling in die AfD-Ecke drücken und als Verschwörungtheoretiker zu verleumden zu wollen, ist schon ein starkes Stück! Zum Glück gibt es noch Menschen, die in heutigen Zeiten noch versuchen peagmatisch zu reflektieten."
d3b9a7a1-9235-4bdf-b07b-98dbf3a76fae,2021-04-13,12:12,0,CoreyMillen,negative,negative,maßnahmen,überblick,"Ausgerechnet der Senat, der sich mit dem Thema Gleichberechtigung am meisten schmückt, fängt mit dem Unglaublichen an. ""Freiheit für Geimpfte"" während gar nicht jeder der möchte, zum impfen kommt. Berlin hat vor kurzem erst Impfzentren geschlossen, weil es nichts zum impfen gibt.  Solidarität mit den Risikogruppen bleibt eine Einbahnstraße!"
369b0b49-f3ac-44b2-ac7a-65e6e139db95,2021-04-19,17:56,0,Martin54,negative,negative,lockdown,überblick,Ich finde es super wichtig dass wir jetzt auch eine Lösung für die Massen an „Nach-22.00-Uhr-Jogger“ gefunden wurde!   So geht Pandemiebekämpfung ! Ich wette die Chinesen lachen sic oh kaputt über uns.
631b876c-ab53-4ca0-b246-1896e45c2050,2020-12-30,09:34,0,Thomas-OaXOcIPWg,neutral,neutral,infektion,infektion,"Bei all den Zahlen ist mir etwas sehr unverständlich. Die Sterbezahl an einem Tag im Verhältnis zur Belegung der Intensivbetten. Habe bei t-online eben folgenden Artikel gefunden:  „Im DIVI-Intensivregister sind momentan (Stand: 27. Dezember 2020) 5.562 Covid-Patienten auf Intensivstationen untergebracht. 2.960 der Covid-Patienten werden beatmet. Es benötigen mehr als die Hälfte aller Corona-Patienten auf der Intensivstation eine künstliche Beatmung.“  Das hieße, dass in nur 24 Stunden ca 20% an einem Tag verstorben wären. Im Umkehrschluss bedeutet das, dass bei nur gleichbleibender Belegungszahl auch pro Tag ca 1100 neue Intensivfälle eingeliefert würden, nicht gerechnet die nach Hause oder auf normale Stationen entlassenen Patienten. Bei zur Zeit ungefähr 15000 Neuinfektionen pro Tag wären das aber dann 7% Schwererkrankte. Wo liegt mein Gedankenfehler?"
3bfb29c3-617f-4278-95a4-cfdb932a5dda,2020-05-14,11:13,0,Johann-2W5UxGGWR,negative,negative,wirtschaft,wirtschaft,"Gut alles für die Manager und Aktionäre, den ""Freunden"" der politischen Klasse: jedes Unternehmen in Deutschland wird jetzt mit dem Argument ""Corona"" Kurzarbeit über die maximal mögliche Dauer von 24? Monaten einführen um von den Subventionen des Staates zu profitieren - egal ob nötig oder unnötig. Insbesondere erfolgt auf diese Weise in den Unternehmen ein gehöriges Mobbing gegen unbequeme Mitarbeiter die maxmal in Kurzarbeit geschoben werden und solche genehmen Mitarbeiter (darunter natürlich Gewerkschafter) andererseits denen man das erspart. Also in Mitarbeiter denen man signalisert sie bald hinausmobben zu wollen und solchen denen man die Privilegien zuschiebt. Bei meinem Arbeitgeber z. B. ist dies deutlich erkennbar. Dem Mobbing ist also jede Tür geöffnet. Und jedes Unternehmen wird seine Dividenden und Bonis im ""vor Corona""-Stil auszahlen  - VW ist ja das bekannte Vorbild. Unternehmen die sich nicht an diesen ""Mitnahmen"" von Steuergeldern beteiligen wären die Dummen .....  Maximal leiden unter diesen Polit-Mißständen werden auf Jahre die Arbeitnehmer als Steuerzahler, die den Wahnsinn der ""Doof-Politik-Klasse""  letzlich abbezahlen müssen. Leiden werden aber erst recht auch Forschung, Kultur, etc. für die über viele Jahre keine Finanzmittel mehr bleiben werden."
8995acc9-46d3-463a-87af-21039106d257,2021-03-31,07:37,0,arthur161,positive,negative,impfung,impfung,"Sollten da bei Sputnik-V wirklich Daten für die Zulassung fehlen (kann da Spahn leider auch nicht mehr uneingeschränkt vertrauen), kann man wohl ein Machtspielchen von Putin vermuten.  Er hält der EU die Karotte vor die Nase, und möchte, dass sie den Impfstoff zu seinen Bedinungen benehmigt, ihm vertraut und zu Kreuze kriecht. Wieder einmal sollen unsere Institutionen vorgeführt werden. Abweichler wie Ungarn und bald Österreich sind ihm da auch Willkommen.  Gleichzeitig werden gerade auf Twitter Werbekampagnien für Sputnik-V geschaltet, wahrscheinlich, um öffentlichen Druck auf die Zulassungsbehörde aufzubauen.  Da sollte die EU nicht mitspielen. Lieber BioNtec pimpern, AstraZeneca richtig dick verklagen wegen Qualitäts- und Quantitätsproblemen, und für die beschädigte EU-Seele ;-), und Putin einfach ignorieren anstatt ihn um Daten anzubetteln."
376ccec3-99cb-4efe-9ea8-9188ff3bfe74,2021-03-26,15:33,0,Tullius,positive,positive,impfung,überblick,"oho - offensichtlich gibt es einen Entschluss der EU, das Impfstoff von AZ der innerhalb der EU produziert wird nicht mehr in nicht EU Länder exportiert werden darf - bis wieder eine gegenseitige Belieferung garantiert sei. Das ist ja was - entspricht zwar nicht meiner Vorstellung von Warenaustausch - aber man könnte dies temporär unter Notwehr laufen lassen.  Das die EMA BioNTech Marburg jetzt zertifiziert hat - ist ein weiterer Fortschritt, das insbesondere, da die extrem tiefen Temperaturen jetzt offensichtlich gelockert sind!"
c5824475-ee4b-46f7-8788-188b9992adc0,2020-04-20,08:41,0,Pfeifermitzweif,negative,negative,china,virus,Also in China hätte Frau Birx nicht nur Angst um ihren Job haben müssen ... das ist der Unterschied!
1c316023-93a4-4f2c-94be-32a46d95f7a9,2021-03-23,14:14,0,StrixAluco,positive,neutral,impfung,lockdown,"Wenn wir geimpften Personen die eingeschränkten Grundrechte wieder gewähren - hier geimpften Senioren die Familienbesuche - wird das die Akzeptanz der Impfung auch merklich erhöhen. Bisher ist zwar die Verfügbarkeit der Impfstoffe das größere Problem, aber bald könnte die Frage entscheidender werden, wer sich eigentlich impfen lassen will. Insofern, interessanter Vorstoß. Problematisch vielleicht noch, dass dabei derzeit geimpfte und ungeimpfte Personen zusammenkommen würden. Hätten wir nur geimpfte Menschen bei einem Familientreffen, wäre das viel entspannter. Solche Differenzierungen kann man natürlich nicht von einer MP-Konferenz erwarten. Wir sind ja beispielsweise mit der Frage, ob ""Ä"" oder ""ÄÄÄÄÄÄÄÄ"" die Wahrheit ist, bei einem relativ infantilen Niveau angelangt."
46ddb1b2-14d4-4fe8-b4f4-f88980d587b5,2021-04-23,04:38,0,Robin-Rdc938sWR,negative,negative,demos,politik,"Die Schauspieler sollten sich schämen bei diesem Querdenker blödsinn mitgemacht zu haben. Leider Ironie für die Falschen! Es sterben Menschen liebe Schauspieler, Filmschaffenden und Künstler! "
3772e6dd-454f-483b-9f7e-2a68e7bff2d1,2021-03-14,08:02,0,Coraggioso-Ir6WKaaMR,positive,negative,impfung,überblick,"Angesichts der angekündigten geringeren Liefermengen von AstraZeneca will EVP-Fraktionschef Manfred Weber Konsequenzen ziehen und den in der EU produzierten Impfstoff nicht exportieren.  Oh in der EU wacht man endlich auf. Man merkt das z.B. in den USA 30 Millionen Dosen AZ (produziert bei AZ in Ohio) ungenutzt herumliegen, da AZ in den USA gar nicht zugelassen ist. Aber Biden hortet die, will erst einmal alle Amis impfen, bevor er was abgibt.   Zur gleichen Zeit produziert J&J in der EU das vergleichbare (AZ und J&J sind Verktorvakzine) und sowohl in Europa wie den USA zugelassene Vakzin. Natürlich wird es in die USA geliefert, dort dann bei Merck (USA) abgefüllt. Von dort darf es aber wegen Biden's Exportverbot dann nicht zurück in die EU.  Der DeaI ist doch mehr als offensichtlich: kein AZ aus US-Produktion für die EU = kein J&J aus EU-Produktion für die USA! Erst wenn die USA die EU beliefern sollte die EU wieder die USA beliefern! So macht man DeaIs auf Augenhöhe!"
905d265b-944f-4801-ba74-860c7c7581f5,2021-01-17,10:40,0,GuckyCD,positive,positive,usa,usa,"Ich muss sagen, Biden wird mir von Tag zu Tag sympathischer. Natürlich wird auch unter einem Präsidendenten Biden teils unterschiedliche Interessen zwischen den USA und Europa geben. Jedoch: hier werden sich Kompromisse finden lassen. "
39fb99e4-48af-43e3-9c17-17132c20c431,2020-12-11,06:48,0,Hans-hrmkpk6ZR,positive,negative,lockdown,überblick,"Wollen die Wilden 16 in Anbetracht der gestrigen Infektions- und Todeszahlen tatsächlich noch bis Weihnachten mit dem Lockdown warten? Jede Verzögerung lässt die Zahlen weiter steigen. Wozu warten mit dem Lockdown?  Wenn nicht jetzt, wann dann?  Bleibt gesund."
15557a4c-0e90-412e-8bd5-03ae3f6a7854,2021-02-13,17:57,0,Glaubnichtalles,neutral,neutral,virus,virus,"Es sollte die Frage gestellt werden. Was ist der eigentliche Grund für die Existenz von Virenlaboren? Eine andere wäre , warum werden in China Labore im Auftrag internationaler Pharmakonzerne betrieben?."
0ba6974f-d9c6-44ab-b995-6ede84e7bf29,2020-05-04,04:17,0,Richard-swkSKnEWg,negative,negative,china,usa,"China und die WHO haben noch am 14.Januar die Übertragung von Mensch zu Mensch in Frage gestellt, aber die US-Geheimdienste haben schon Anfang Januar die Pandemie erkannt. Tolle Leistung. Warum glauben wir  dann jetzt den Geheimdiensten nicht, dass China uns bewußt in die Irre geführt hat?"
4ee4877b-4848-4a59-9b63-5eec92d21ea6,2021-04-09,12:04,0,Joachim-iIBnOCCWR,negative,negative,politik,maßnahmen,"Bestimmt findet man noch weitere Kleinigkeiten um den einen oder anderen Tag Zeit zu verlieren. Es wird immer schwerer nicht in Fäkalsprache zu verfallen. Die Wissenschaftler und Intensivmediziner betteln schon fast, hören will sie keiner im Bund und den Ländern :-(  Der Ministerpräsident aus dem Saarland versucht in einer Talkshow den Fachleuten zu erklären wie eine Pandemie funktioniert, der Berliner Bürgermeister versucht im Frühstücksfernsehendie unterschiedliche Auslegung von Maßnahmen als einheitliches Vorgehen zu erklären. Macht nur weiter so, eure Quittung folgt spätestens im September, jede Oppositionspartei feuert euch wahrscheinlich an, darf es allerdings nicht zugeben..."
20775056-a714-48d7-ada6-9c6a9b772ca1,2021-01-27,17:13,0,Reiner-utSQEIhGg,negative,neutral,politik,politik,"Baerbocks Bildungsschutzschirm soll Kinder vor Bildung bewahren?  Wer gar zu gebildet ist, wählt selten grün"
1cfcdc0b-d820-4567-88e4-81e3059c5dd3,2020-10-15,09:49,0,DyGAr0cMR,neutral,neutral,infektion,infektion,"Unsere Hochrisikogebiete sind im ländlichen Bereich. Da ich vermute, dass unser ignoranter Eiermann rauschende Partys feiert, kaufe ich meine Eier beim Discounter."
a89fff26-4c86-48ff-805e-3ffccf409ed4,2020-10-20,10:59,0,Julius-sisotvgMg,neutral,negative,politik,politik,"In der Krise wäre es langwierig und am Ende chaotisch, das Parlament über ggf. jede einzelne Maßnahme entscheiden zu lassen. Hinter den Verantwortlichen wie Herrn Spahn steht ein ganzer Stab von Fachleuten und Beratern. Auch da gibt es natürlich schon Meinungsverschiedenheiten. Nicht auszudenken, wenn die verschiedenen Gruppierungen im Parlament endlos diskutieren bzw. ihr eigenes Süppchen kochen wollten !"
7dc98145-5c9a-439b-aa27-252138f633d0,2021-01-28,17:52,0,Tinkerbell,neutral,neutral,politik,politik,"Mir tut Sphan leid.  Es lag an den 16 Ministerpräsidenten (sowie dahinter die Industrie, die Druck auf sie machten) die es alle immer Besser wissen wollten.  Den Satz »Wir hätten schon im Oktober bei geringeren Infektionen härtere Maßnahmen ergreifen müssen.« sollten die Ministerpräsidenten die sich gegen Merkels Nov. Lockdown sperrten, sagen. "
d03e7698-7f22-4009-800b-4ca5edc99890,2020-06-11,18:10,0,Tobias-5JB_PRiGR,positive,neutral,politik,lockdown,"Ich komme aus dem Iran und ausnahmsweise unterstütze ich in diesem Fall die Regierungspolitik. Im Februar und März hatte ich wirklich Angst und natürlich wollte ich nicht meine Eltern und meine Großeltern verlieren. Die Einschränkungen im Iran waren nicht so ernst wie in Deutschland und ich dachte erst die iranische Regierung unverantwortlich war. Nach dem Norooz (das iranische Neujahr am 20 März) wurden alle Einschränkungen abgeschafft. Trotzdem waren die Leute  natürlich vorsichtiger geworden. Für zwei Monate habe ich jeder Tag mit meiner Mutter telefoniert und ich habe gefragt ob alle verwandte noch leben :). Zwei Monate nach der Lockerungen habe ich mich an Sebastian Kurz erinnert. Er hat vorgetragen:  ""Bald wird jeder von uns jemanden kennen, der an Corona gestorben ist"". Ich habe eine Umfrage in Facebook gemacht, und ich habe von den Freunden gefragt, ob sie jemand verloren hatten. Außer 3-4 Freunden haben alle andre (ca. 300 Freunden) nein gesagt.   Man kann sich vorstellen, dass ohne Einschränkungen die Reproduktionszahl ca. 3 ist. Daher kann ich mich vorstellen, dass bisher sich über 20.000.000 von der Bevölkerung mit dem Virus infiziert haben. Eine Katastrophe wie sich Sebastian Kurz vorgestellt hatte, ist im Iran nie passiert. In Schweden auch und ich bin der Meinung, dass ohne Einschränkungen werden wir in Deutschland auch nie eine katastrophale Situation erleben. Ich muss auch ergänzen, dass wenn jemand im Iran ums leben kommt, nehmen vielleicht 200-1000 Menschen an der Beerdigung Teil. Das ist unmöglich, dass man über eine Katastrophale Situation nicht informiert wird. Als Wissenschaftler vertraue ich die Studie von Herrn Streeck."
51bbb04f-cd0a-4f04-ac8b-5115c2059906,2020-08-02,12:35,0,Supergrobi,neutral,neutral,infektion,infektion,Spannend wäre nun noch eine Einschätzung der Durchseuchung Deutschlands. Bisher wurde ja nur nach Antikörpern gefahndet.
84fc0050-d691-4566-8fd9-ad824f80a93b,2021-06-06,14:52,0,Darius-5u8zN0eGR,negative,negative,maßnahmen,überblick,"Diese Glorifizierung von Polizeigewalt gegen Jugendliche ist mir zu viel. Ich geh jetzt erstmal in die Bar. Innenbereich. Ohne Maske, Anmeldung und Test."
9963f633-aff3-4eb8-a270-423fd01a9ca7,2020-04-01,16:19,0,Norbert-znMQatPZR,neutral,neutral,maßnahmen,maßnahmen,"Ich mache den Einkauf für meine alte Tante in Norderstedt. Selber wohne ich in Hamburg. Mal sehen wie lange das gut geht und mir einer die Polizei auf den Hals schickt. Das die Polizei mich vielleicht anhält und fragt, was ich da mit dem HH Kennzeichen mache, ist ok für mich. "
90bfa506-9c7a-4444-bcf5-7a6159b4e1ae,2021-03-23,11:27,0,Alex-pyrsIVoMg,negative,negative,politik,lockdown,Kann es sein dass Frau M@erkel heimlich die Mehrheit von S@pon aufgekauft hat.? Ist ja peinlich was hier nicht durch kommt. 
58715931-9b01-4e6d-b308-f4b1142316ef,2021-03-02,07:36,0,Nicklas-Fh4mAu-Gg,neutral,negative,arbeit,arbeit,"Irritierender Text. Das klingt fast so als gäbe es Menschen, die nicht gestresst sind."
443b6cb5-a6cd-4891-a94a-62176214ad00,2020-05-06,07:08,0,Jens-ilwdP6UWg,neutral,neutral,maßnahmen,maßnahmen,"Ich denke viele Menschen sind mit dem Handeln der Regierung einverstanden, da es hier in Deutschland im großen und ganzen auf den aktuellen wissenschaftlichen Erkenntnissen über das Virus fusst.  Das man das Gefühl hat keinen großen Einfluß zu haben liegt auf der Hand. Das Virus bestimmt im Prinzip die Maßnahmen, mit dem kann man nicht diskutieren und es darum bitten doch den Reproduktionsfaktor etwas zu senken."
dff9ec92-03f7-40db-be59-b3572558e785,2020-10-09,07:03,0,Sandy,negative,negative,usa,usa,"Es ist davon auszugehen, dass Trump durch einen reptiluiden ersetzt wurde. Liebe US Bürger passt gut auf am 3. November. Die reptiluiden wollen die Macht übernehmen. Ihr werdet sehen: der nächste Vize wird ein Veganer Koch sein! Der Innenminister ein Sänger! "
c6e040cb-127b-4a82-ba92-e36cb7f5036e,2020-05-13,10:06,0,Jürgen-EXwyuW9Wg,negative,negative,wirtschaft,wirtschaft,"Die arbeitende Bevölkerung ist durch die Entscheidung der Regierung in diese Situation gekommen, wie wäre es mal, die ""starken Schultern"" zur Kasse zu bitten. Die Schere zwischen Arm und Reich wird vermutlich dieses Jahr noch größer werden. Reichtum ist nicht sozial, dass muss man mal klar aussprechen."
890febfa-551e-4614-9480-5c15ca49833c,2021-02-12,06:17,0,Bernhard-x5jBqg9ZR,positive,negative,impfung,impfung,"Wenn ich die Auswertung von ""Lancet"" Über Sputnik V richtig verstanden habe, ist der Wirkungsgrad 91,8% (keine Erkrankung) und die Studie ist der Meinung, dass jeder geimpfte keine schweren Nebenwirkungen, eben auch kein Tod befürchten muss. Sputnik ist in über 20 Länder zugelassen und Millionenfach gespritzt und es gibt auch noch keine Infos über Tote oder Menschen mit schweren Nebenwirkungen  Nicht zu verstehen ist dann, dass die EU Kommission einen schriftlichen Antrag der Russen angeblich nicht auffinden kann und die Russen aber gestern im Netz den Antrag an die EU eingestellt hat. Da fehlen mir die Worte. Der große Vorteil bei den Russen ist, dass Impfmittel kann auch bei Kühlschranktemperatur angewendet werde. Ideale Voraussetzungen um weltweit auch in den armen Länder, die Pandemie endlich zu besiegen!"
0c5439f5-d106-4233-a4a4-a3c58d54cb50,2021-06-04,11:40,0,DrHrsch,negative,neutral,reise,überblick,"Wieso sind Reisen nach Indien erlaubt, dort wo Corona mit zig unerforschten Varianten am schlimmsten tobt.  Man sollte erstmal nur Reisen innerhalb Europas erlauben. "
a531d3d4-1706-40f3-893b-71a5593278bd,2020-10-10,13:33,0,AchduGrueneneune,neutral,neutral,wirtschaft,maßnahmen,"Leute, kauft euch eigene Autos. Gebrauchte gibt es schon für 1.000 Euro, Steurer und Versicherung für 400 im Jahr. "
71e2889d-8b0d-4f16-af7d-11715f7ef556,2020-11-02,12:20,0,Sonicsdestiny,negative,negative,lockdown,lockdown,"Ich selber bin mit Medizinischer  Laie und habe bisher eigentlich alle Maßnahmen gut gefunden. Aber es geht doch da drum, das sich weniger Leute treffen, damit sich das Virus nicht verbreitet, OK  klingt logisch. Wo treffen sich am meisten Menschen… ? genau Fußball Stadion und Co. Fallem mir da als erstes ein. Die sind zu OK.  Und dann fallen mir Schulen ein. In der Schule wo unser Büro AZUBI ist, sind z.B. fast 2000 Menschen. Die beruflich alle im Home Office sind aber dahin müssen.  Obwohl die ohne Probleme auch was online lernenkönnen. Also erscheinen  mir die Maßnahmen die nun viele Menschen um ihre Existenz bringen nun vollkomen abnside und verhöhnen diese Menschen. Den in der Frittebude u die Ecke treffen sich sicher nicht 20000 Menschen. Solange schulne auf sind machen die Maßnahmen null Sinn. Und schaffen nur Arvbeklos. Bekannter von mir artetbet bei einer Securtiy Firma die ein Köner Bordell sichteren. Ist nun arbeitslos ..  Unterstützung erhielten die nicht. Ich galb übegnd es wäre viel besser die Formuliereun dieer Massnahme tewas wniger in diesem Bematetdutsch zu verfassen.. Nur x Perosnen aus y haushaltem.. Kann man nicht einfach sagen Maximal x Personen. Und fertig. Alles nicht einfach. Was soll Ende November passieren? Das vrius wird nue weg gehen..  An einen Impfstoff glaube ich persönlich nicht Gibt ja auch keinen gegen HIV das gibt seit 30 Jahren. Wie lange wollen wir in den Lock Down? Habe Angst es ist für immer . "
9862ae73-46f5-45be-9edb-5780fb44f925,2021-02-16,10:02,0,Daniel-L1gcDnGWg,negative,negative,politik,reise,"Wollte der Seehofer auch Mal wieder in der Öffentlichkeit erscheinen. Vorsicht beim KSK der Bundesregierung mit dem Bayern-Duo: Klöckner, Scheuer/Seehofer, Karliczek. Geballte Kompetenz...."
59d0fc94-afd2-4f97-91ec-393d36dc93c2,2020-08-02,06:32,0,Tomias-69_NGRCWR,neutral,neutral,politik,maßnahmen,"Es sollte nicht so kritisch über unseren Staat, Behörden und Polizei berichtet werden. Was die machen hat schon seinen guten Grund, sonst würden sie es ja nicht machen, oder?  Da sind uns China, Belarus und Turkmenistan weit voraus, da gäbe es solche Berichte nicht"
aad44705-84d1-4e34-942e-3818167de55b,2020-10-28,09:43,0,Marcel -LDC80qUZg,negative,negative,politik,überblick,"Die Unverletzlichkeit der Wohnung ist im GG festgeschrieben. Ausnahme: ""Begründen bestimmte Tatsachen den Verdacht, daß jemand eine durch Gesetz einzeln bestimmte besonders schwere Straftat begangen hat, [...]"". Solange es keine besonders (!) schwere (!) Straftat (!) ist, sich mit anderen Menschen zu treffen, kann Herr Lauterbach zwar viel fordern, aber er entfernt sich damit halt ziemlich weit vom Grundgesetz. "
c852cbc1-3207-4da5-b0e8-6a7a8e23c677,2021-03-03,22:19,0,Leonhard-txcuflPZR,negative,negative,politik,lockerung,"Bei diesem Corona Chaos sehe ich schwarz (keine Politikfarbe) für die Regierenden bei der bevorstehenden Bundestagswahl. Unser Föderalismus ist hat sich als unfähig erwiesen, schnelle pragmatische Lösungen zu entwickeln. Inzidenzzahlen 35 oder 50 oder 100 sind nur Zahlen, worüber unsere Nachbarländer nur lachen können, weil sie bessere Lösungen anbieten, obwohl sie viel höhere Inzidenzen haben."
313255fd-5669-48ff-a414-719cb01d8d82,2021-01-27,19:10,0,wasnu,positive,negative,impfung,reise,"Ich will keine ""wir machen jetzt dies oder das"" mehr hören.  Ich will hören ""wir haben Impfstoff und die Impfzentren impfen 24 Stunden/ 7Tage""  Den Rest können die Regierenden ihrem Badspiegel oder wem auch immer erzählen.  Ich kann dieses Ablenken von vollkommener Unfähigkeit nicht mehr ertragen!"
fa1d7ada-e442-4da3-b3c7-b002e432feae,2021-02-17,14:07,0,Alexander-O5obx9tMg,negative,negative,maßnahmen,überblick,Ich suche noch den „verstörenden“ Teil der Aussage. Kann mir jemand helfen? Oder ist die einzig realistische und erträgliche Beschreibung der näheren Zukunft jetzt schon verstörend?
6324a215-2f5b-48ef-9c86-0e7137b7bed0,2021-05-10,14:28,0,a-LB5rObPWR,negative,neutral,impfung,überblick,"Wozu? ""Habeck fordert Impfungen an Supermärkten und auf Marktplätzen"" Was wird dadurch besser?  Ich habe nicht den Eindruck, dass ausgerechnet die Räumlichkeiten bislang den Engpass darstellen."
ca36401f-8221-481e-9195-b24253acebf0,2020-12-17,09:41,0,Rainer-XvOGKGuWg,negative,negative,politik,überblick,"So, jetzt soll ich von der Administration angeschrieben werden, wenn ich Risiko Patient bin, um mich impfen zu lassen. Woher weis den die Staatsmacht das ich ein erhöhtes Risiko habe ?? Datenschutz ist wohl völlig ausgehebelt. Sie wissen mehr über dich als dir lieb sein kann. "
43acd416-2f97-42b6-8ab5-116f5990a0f7,2021-06-24,13:56,0,Marianne_und_Micha,neutral,neutral,infektion,überblick,"Spanische Schüler auf Mallorca angesteckt?   Kein Grund zur Sorge am Ballermann. Da sind, außer Angestellten, keine Spanier. Die fahren da nicht hin."
b08b09a4-7ae4-49ba-8407-2719f78cc081,2020-05-24,07:47,0,Joachim-VrMNPpPWR,negative,negative,wirtschaft,politik,"Leider lassen die werten AutorInnen des Schreibens unerwähnt, dass es die Selektion längst gibt. Sie läuft über das Vermögen. Wer verstirbt denn in den USA? Reiche oder Arme? Wer verbringt bei uns seinen Lebensabend bei bester Pflege im Haus mit Garten oder vereinsamt im Doppelzimmer des Altenheims? Reich oder Arm? Wer studiert im Ausland an Top-Unis oder macht eine Lehre als Lagerist? Reich oder Arm? Wer schafft es aus Syrien raus? Die Reichen oder die Armen? Ich bin beim Lesen ein übles Gefühl nicht los geworden. Dass da ein paar Reiche Sorge haben, dass sie ihr Reichtum nicht mehr ausreichend schützt..."
5c91f154-64cc-4ac7-9ab1-576bbfbdd409,2020-11-01,14:12,0,Frietjoff,negative,positive,lockdown,lockdown,"Die Eltern sollen weiter arbeiten können.  Nur darum geht’s. Danke für die Ehrlichkeit!   Dass Schulkinder irreparablen Schaden nehmen, wenn sie ein paar Wochen (so lange wie ein umfassender Shutdown eben dauern müsste, um die Pandemiezahlen wieder auf Sommerniveau zu drücken) online unterrichtet werden, ist nämlich Quark.   (Für Kinder mit schwerwiegenden Behinderungen ist das teilweise anders. Das muss es dann selbstverständlich auch angepasste Regelungen geben.)"
a1d2b6fc-1a2b-4a3c-ac97-70e6260bbde4,2021-04-06,16:52,0,santoku,negative,negative,politik,politik,"Jetzt will er den Fehler auswetzen, dass er sich gegen Merkel gestellt hat und die ihn kritisiert hat. Und macht es noch schlimmer. Nur weil Söder gesagt hat, ein Kanzlerkandidat braucht auch die Unterstützung von Merkel. So ein Fähnlein im Wind will Kanzler werden. Ich sehe den schon mit Putin und Xi verhandeln ;)"
aca463ed-16d9-4fa5-85c6-5aa8ec836fc4,2020-05-23,08:06,0,Snowlife,neutral,neutral,arbeit,infektion,"Die homeoffice Fraktion versinkt in Panik, die arbeitende Schicht will leben. "
987cb3ef-c48a-48bb-b856-1903648b7c08,2021-04-05,13:33,0,Hintergrund,neutral,neutral,infektion,infektion,"Vielleicht ist das, was wir bisher als ""Wellen"" bezeichneten, einfach der unruhige Spiegel des Meeres, auf dem wir in Zukunft fahren. "
3219cb06-a13d-4da9-aa92-92047dc279b0,2020-03-10,07:26,0,DerMitDemWortTanzt,positive,negative,lockdown,lockdown,"Ich finde das eine mutige und schlüssige Entscheidung von Herrn Conte ob der Schwere der Epidemie in seinem Land. Da könnten wir uns in Deutschland mal eine Scheibe abschneiden; hier führt es ja zu Schnappatmung  schon allein wegen der Vorstellung, dass es mal 3 Wochen keine Fussballspiele zu sehen gibt. Zeit gewinnen ist das Gebot der Stunde, dafür müssen auch mal für einen begrenzten Zeitraum Einschränkungen hingenommen werden, damit wir danach wieder gut und gerne leben können (sic!). Respekt, Italia ! "
021cced7-29eb-4fa7-b096-b8fd50908f88,2020-09-29,15:41,0,iris_b,neutral,neutral,infektion,überblick,"Im Rheinisch-Bergischen Kreis wurde eine - wie ich finde - vorbildliche Aktion gestartet. Wen es interessiert, der findet mehr unter folgender Überschrift  'Herbstkampagne „Corona braucht kein Mensch!“: Blaulicht-Organisationen machen mobil gegen Covid-19'  auf rbk-direkt . de"
72deb7a3-5ffb-4060-8737-85168ea5739e,2020-03-15,16:01,0,Ihor-NB8o2XyWR,negative,negative,maßnahmen,maßnahmen,"Ich halte nichts davon Regio einzuschränken. Der Bahn ist wiedermal Geld wichtiger als alles andere. Sollen die Leute, und so wenig werde es auch nicht, dann in deutlich weniger Wagons quetschen. Arbeiten müssen die Leute ja trotz allem, und auch irgendwie dahin kommen. "
04ae60dc-3adb-4d37-b004-65806e509b29,2020-03-26,20:47,0,Jürgen-7K33gorZg,positive,negative,maskenpflicht,politik,"Fast niemand trägt eine Maske. Weder im Supermarkt noch in der Apotheke. Ich werde mit meiner 3M Maske schräg angeschaut oder höre Kommentare wie ""schau mal der trägt sogar eine Gasmaske"". Selbst die, die eine haben ziehen sie oft nicht auf. Es war geradezu kriminell von den Behörden und vom RKI zu behaupten dass Masken nichts nützen. Natürlich nützen schlechte Masken nichts sondern nur die Guten und da es sich um eine Tröpfcheninfektion handelt, was liegt näher als eine geeignete Maske zu tragen um sich und andere zu schützen. Wenn man es also verpennt hat sich rechtzeitig um die Beschaffung von Masken zu kümmern behauptet man einfach sie seien sowieso überflüssig. Leider kostet das aber Menschenleben Herr Spahn ist ihnen das eigentlich klar? So gut das deutsche Krisenmanagement und Gesundheitssystem bisher auch reagiert hat- das ist der absolute Kardinalfehler und er wird zahllosen Menschen das Leben kosten. "
38281309-0019-4c62-9e10-15a092666325,2021-07-17,16:21,0,Hildegard-Zi_QQvnGR,positive,neutral,impfung,impfung,"Es ist nochmal wichtig für alle zu wiederholen. Die Impfung hilft nicht dagegen sich zu infizieren. Es hilft nur gegen viele schwere Verläufe und damit etwas gegen die Überlastung des Gesundheitssystems. Wenn also die vierte Welle kommen sollte und keine zusätzlichen Maßnahmen getroffen werden sollten ist die Anzahl der noch ungeimpften Menschen in Deutschland so groß, dass das zu einer Überlastung Gesundheitssystems führen kann. Wie werden wir mit den Menschen umgehen, die dann nicht geimpft sind? Was werden sie uns erzählen, wenn sie erkranken? Werden wir Verständnis haben? Werden wir sagen - selber eingebrockt?"
d603a7e8-2ad8-45af-805b-695f656fda22,2021-03-30,15:02,0,Arya,positive,positive,impfung,überblick,"Bravo, Bundeswehr! Hätte nie für möglich gehalten, dass ich als überzeugte Pazifistin mal so etwas sage. Wenn wir die Impfkampagne und damit die Pandemie endlich in den Griff bekommen wollen, dann KANN es nur so gehen.  Die Truppe ist ja eben nicht nur zur Landesverteidigung da, sondern auch für den Einsatz bei Katastrophen. Und die Pandemie IST eine Katastrophe.  Mir ist es jedenfalls lieber, unsere Freiheit wird im Impfzentrum verteidigt, statt am Hindukusch. Also, nochmals vielen ernst gemeinten Dank!"
84d8adc0-50b8-446d-b21d-58e95d8668dd,2021-03-17,11:27,0,Tullius,negative,negative,politik,überblick,"Die Behörden auf Malle weißen die Hotels an, bei ankommenden Touristen genau zu überprüfen ob diese (Doppelzimmer!) auch aus einem gemeinsamen Haushalt kommen. (Diese Regel gilt für die dort lebenden Bewohner)   Nun kann man machen - halte ich aber besonders schwierig - wer prüft ob man sich dann nicht im jeweiligen Zimmer ""näher kommt"".  -> Ablage Behörden Klamauk"
a1d2b6fc-1a2b-4a3c-ac97-70e6260bbde4,2021-04-06,16:45,0,U1,negative,negative,politik,politik,"Bravo Herr Laschet!  Niemand sagt so entschieden und eindeutig wie Sie, ""Vielleicht""!"
c8a6b940-600d-47c5-bf40-2ce4c26b9a7a,2020-04-13,10:36,0,Max-61-1-bjZg,positive,negative,maßnahmen,reise,"Wenn die Karten stimmen können wir alle nur hoffen das das Gut geht und wir in 2 bis 3 Wochen nicht italienische oder französische Verhältnisse haben. Wenn dann die Zahlen steigen war alles umsonst wegen der Reiselust der Deutschen. Die Maßnahmen die dann kommen müssen sind dann jene wie jetzt in Italien und Frankreich, nur das die beiden Länder dann wieder anfangen können zu leben. Die Ignoranz von Regeln auch wenn sie nur vorrübergehend sind, durch weite Teile der Bevölkerung zeigt den Egoismus in der Gesellschaft. Ich wünsche uns allen viel Glück."
b7d80257-5706-4095-a00e-e50d1cc9ac3f,2020-04-09,11:12,0,Roland-SXj_JOUWg,neutral,neutral,wirtschaft,wirtschaft,"Entscheidend für die Industrieproduktion ist allein die Nachfrage nach Produkten. Es macht keinen Sinn Industrien zu stützen wenn die Produkte wesentlich weniger nachgefragt werden. Krasses Beispiel: Kreuzfahrtindustrie. Die sollte man ohne Unterstützung pleite gehen lassen. Die Schiffe werden ja nicht gleich versenkt sondern werden als Konkursmasse verkauft. Man wird die Nachfrage wohl eine Zeit lang mit weniger Schiffen bedienen können. Weniger krasses Beispiel: Autoindustrie. Es wird wohl bald wieder eine Nachfrage für Neufahrzeuge geben, die in etwa dem Vor-Corona Level entspricht. Bitte auch hier keine unnötigen staatlichen Anreize oder Rettungen. Kann natürlich Arbeitsplätze kosten. Bedeutet aber volkswirtschaftlich nix anderes als ""weniger Arbeit"", sprich, die Volkswirtschaft (""wir"") müssen weniger arbeiten um das zu produzieren was wir benötigen. Bedeutet auch, es wird Arbeitspotenzial frei wo es vor der Krise ziemlich knapp wurde: im Dienstleistungssektor."
5ca33cc5-8992-49c6-8cf4-006f68a81283,2020-10-19,21:56,0,Schwaebischalemannisch,neutral,neutral,infektion,lockdown,"Und jetzt?  Stehen sich zwei Gruppen mit zwei Meinungen gegenüber.   Unabhängig davon wer jetzt mehr Virologen hinter dich versammelt.   Es scheint eher von der jeweiligen Persönlichkeit ab zu hängen, wie man dazu steht. Frau Prof Brinkmann scheint mit z.  B. sehr nah am Wasser gebaut zu sein.   Also steht das einzelne Menschenleben mehr im Fokus.   Bei anderen spielt es mehr eine Rolle wie hoch sind die Kolatteralschäden. Etc.    Im Pandemiplan des RKI gibt es ohnehin das Thema Mitigation, was wohl in Belgien sicher im Moment das beste wäre...  Also auch wenn eine Gruppe gegen die Herdenimmunität ist, dann heißt das nicht, dass es nicht doch Nolens volens dazu kommt.   "
952a5419-d017-41ca-866b-2f52176b36e6,2021-03-03,08:06,0,Hans-4PiVYcqWg,negative,negative,maßnahmen,lockerung,"-0,05% Sterblichkeit bei unter 70 Jährigen ohne Vorerkrankung,0,15% in der gesamten Bevölkerung -Gesundheitssystem war und ist nicht mehr überlastet als mit der  Grippewelle 2018 -Umstrittener PCR Test.Positiv getestet ist kein kranker. -R Wert, verschiedene Inszidenzwerte,=Politische Entscheidungen. -Lockdowns bringen nichts :Sterberate Schweden (Tote/1000Einwohner):2020 9,14, 2019 9,16. Gibt mittlerweile auch die WHO zu. -Mutationen sind nichts neues. Das sind Fakten. Alles andere ist Panikmache um politische und wirtschaftliche Ziele (China light, great Reset Weltwirtschaftsforum Davos) pö a pö umzusetzen. "
5cb94ceb-e313-46b4-8154-219bf9995cf0,2021-06-27,08:33,0,Ralf-GSSOWRnGR,neutral,neutral,maßnahmen,maßnahmen,"Klingt ähnlich wie in München. An der Isar waren Lärm und Vermüllung schon vor Covid Ausdruck von Rücksichts- und Respektlosigkeit. Da ist es nur folgerichtig, dass auch andere Regeln geflissentlich ignoriert werden."
107dc342-479b-4f3c-859c-9eafe3caaa7a,2020-10-27,22:30,0,Wilfried-zvyAH0EZg,negative,neutral,lockdown,lockdown,"Erst kommt die Wirtschaft. Damit die Eltern arbeiten gehen können, müssen Kitas und Schulen natürlich offen bleiben. Ist doch eigentlich alles schlüssig. "
7b7a0126-018a-47e7-ba12-bad1e46a5fe5,2021-07-12,10:39,0,Dirk-11trX_sWR,negative,neutral,politik,infektion,"Wenn das Politiker und Lobbyisten fordern, ist doch bestimmt ein Haken an der Sache..."
f2702f7f-ebcd-4ed1-ad3b-67c07ea64ae1,2021-04-05,09:07,0,Robbie-Ae0blnEWR,neutral,neutral,infektion,infektion,"Die Zahlen von Ostersamstag und Ostersonntag wurden verglichen mit dem Samstag und Sonntag der Vorwoche, also alles Werte von Wochenenden. Die Reduzierung am Osterwochenende sind zumindest im großen und ganzen auf einer vergleichbaren Erkenntnis Asien zu sehen. Hat hier schon eine Umkehr der Infektionszahlen begonnen.  Neue Erkenntnisse zum Trend dürften ggf am 8. April d.J. vorliegen. Ich bin sehr gespannt."
02e67002-1dd4-48ea-9014-d3c574c3e2fb,2020-12-21,10:31,0,Isabella_Prapa,positive,neutral,wirtschaft,virus,Corona Tourismus läuft doch schon längst. Wenn man ernsthaft erkrankt gibt es in Deutschland die beste Behandlung
385270f9-90f4-44f0-846b-8010c3f0b7df,2021-01-05,14:06,0,Modise,neutral,neutral,arbeit,lockdown,"Es gibt sicherlich Millionen Menschen in unserem Land, die täglich weiter als 15 km zur Arbeit fahren müssen. Ihnen wird man kaum das Pendeln verbieten können. "
b1631185-a064-492d-943b-6c3b6f874d23,2020-06-27,15:26,0,Wolfgang_1949,negative,negative,maßnahmen,arbeit,"Das Wort ""Eltern"" kommt in dem ganzen Artikel nur ein einziges Mal vor. Betrachten Eltern sich eigentlich heute nicht mehr als Teil unseres Bildungssystems? Viele Eltern sehen Lehrer nur noch als Dienstleister, die ihnen ihre Kinder vom Hals halten, damit sie ihr privates Lebensmodell durchziehen können. So ähnlich ist das auch bei den Erziehern und den Kindertagesstätten.  Corona hat ihnen da einen dicken Strich durch die Rechnung gemacht. Auf die Straße gegangen sind sie nicht vorgeblich wegen der Einschränkung ihrer Grundrechten, sondern weil sie plötzlich wieder selbst Verantwortung für ihre Kinder übernehmen mussten und weil die Putzfrau aus Bulgarien nicht mehr kommen konnte. Das hatte eine andere Qualität, als sich mit den Lehrern über bessere Noten zu streiten und über den Übertritt zum Gymnasium.  "
36609c10-f9c1-4bd2-8d1f-9db826961f0e,2020-12-27,15:41,0,LarsMach,negative,negative,check here,usa,"Selbst der Mittelstand lebt von der Hand in den Mund! Das hat schon der Shutdown Ende 2018 gezeigt (Regierungsangestellte wochenlang ohne Gehälter - manche sollten trotzdem zur Arbeit fahren, konnten aber ihre geleasten SUV nicht mehr tanken!).  Wie die globale Wirtschaft nach dieser Krise wieder auf die Füße kommt, wird zu sehen sein; all die ""Quartalszahlen"", die uns in diesen Zeiten um die Ohren geschlagen werden, sind reichlich sinnfrei: ""Rauf, runter, rauf"" - und ein Pünktchen drauf!  Exportnationen ohne Kunden sind ein interessantes Experiment, und ein Mittelstand, der Eigentum durch Abstotterkredite und Leasingschulden ersetzt hat, wird kaum als Fundament für den Wiederaufbau dienen: Menschen in Not kaufen keine neuen Fernseher - nicht einmal auf Pump.  Seit etwa 1980 stagniert in weiten Teilen der Gesellschaft die Kaufkraft, in vielen Bereichen ist sie sogar gesunken dank fortschreitender Automatisierung und einsetzender Digitalisierung, deren automatisierte Mustererkennung endlich auch menschliche Arbeit in ungeahnten Berufsgruppen marginalisiert (und die Kaufkraft natürlich gleich mit). Der beratende Jurist wird dem Maschinisten gleichgestellt - der IT Unternehmer profitiert, das Bruttoinlandsprodukt kann auch ohne sie wachsen (es gehört großteils Unternehmern und deren Familien).  Was jetzt passiert, beschleunigt manche Entwicklung eher, und es bleibt abzuwarten, was der Mensch daraus macht.  Denn der kleine Mann ist gewohnt, nach oben zu buckeln und nach unten zu treten. Das war vor 100 Jahren schon so."
328abe87-b1af-46ab-bbb2-e10a129f5c5e,2021-03-31,15:09,0,Martin-ivk2UbrZg,negative,negative,impfung,impfung,"impfen ist jedenfalls ein Milliardengeschäft - ein schelm wer böses dabei denkt. Meiner Vermutung nach und ich bin mir meiner Einzelkeit bewusst läuft es so: Der Virus hat mit und ohne Impfen ein Auf- und ab wie bei Grippewellen auch. Durch das Impfen wird die Kurve anfangs schwer abgeflacht, nach und nach werden durch die Impfungen die resistenten und mutierten Varianten weitergegeben, denn der Körper hat die Information von außen bekommen - er konnte sie selber nicht zuverlässig herstellen. Die Impfungen enthalten Konservierungsstoffe die das Imunsystem negativ beeinflussen (Aluminium), es dringt durch die Hirnschranke und beeinflusst den Körper negativ, es kommt zu weiteren Komplikationen bei vielen geimpften - nicht gleich aber nach Jahren oder Jahrzenten. Wer glaubt das es ein Medikament oder Impfstoff ohne Nebenwirkung gibt ist naiv. Am Ende wird die Häufigkeit entscheiden - wie oft lassen oder müssen sich Menschen impfen lassen. Es geht ums Geschäft. Sollte wirklich der Mensch im Mittelpunkt stehen würden wir nicht mit einer solchen Landwirtschaft und Tierhaltung gesegnet sein. Wieviel prozent unserer Kinder haben mittlerweile Kreidezähne? Der Postneokapitalismus hat eine Errungenschaft nachhaltib im geistigen hervorgebracht: Alternative Fakten."
d91c8ed3-972f-49bf-aef9-717d3ff966ee,2020-12-24,10:31,0,HarryPanzer,negative,negative,schnelltests,überblick,Scheinsicherheit durch Schnelltests? Darauf basiert doch unsere überlegene und wissenschaftlich fundierte Strategie? Die Medienschaffenden sollten allmählich aufpassen ob sie wirklich jede schlaue Bemerkung raushauen sollten. Es wird nicht besser. Im Gegenteil. 
56c600b2-1802-4d68-9197-3901e13694c7,2020-06-19,10:08,0,Selbstinformierer,neutral,negative,virus,virus,"Und jetzt?  Fing das Virus an gefährlich und tödlich zu werden, als Sie darüber angefangen haben zu berichten? Ich empfehle dringend eine Studie warum es sich noch 3 Monate Zeit ließ! "
c57c9741-46c7-487e-b520-78899bd0ddb5,2021-02-02,06:20,0,Annabelle-W8FJ4n6Wg,neutral,negative,infektion,maskenpflicht,"Wenn man manche Kommentare hier liest, macht mir die Einstellung mancher Menschen fast schon mehr Sorgen, als die Pandemie. Anscheinend müssen manche Menschen immer mit dem Finger auf andere zeigen, um auf jemanden loszugehen. Urlauber, weihnachtseinkäufer und jetzt Bartträger... was kommt denn als nächstes? "
684a6046-25e3-4d7d-9f7c-53a3a0343bb6,2021-05-10,22:19,0,Thomas-ZUDDC3jZg,negative,negative,gewalt,gewalt,"Was ist mit der Gesamten Statistik? Warum kommen hier nur teile an? Was ist mit Gewalt gegen Kinder? Zählen die nicht? Muss denn immer nur ein Teil hier rein, warum nicht alles? "
39e8d3a4-b286-42f1-89d5-f73184e87e22,2020-04-08,09:39,0,Lago,positive,neutral,wirtschaft,wirtschaft,"Eine Ausnahmesituation erfordert eine Ausnahmeentscheidung. Zeigen wir doch den Menschen unsere Solidarität. Wer jetzt gibt, darf später auch fordern. Wer nich sät, kann auch nicht ernten. Nehmt endlich Verantwortung wahr und zeigt, wozu Europa fähig ist. "
aeab9367-d355-4de3-8f11-2f21a0c34939,2021-01-24,20:10,0,Kommentatorin-O8jcTKMZg,positive,neutral,schnelltests,überblick,Endlich werden Antigen-Tests für jedermann freigegeben. Halte das für einen Game-Changer. Die Regierung sollte dafür Anwendungsvideos ausstrahlen.
59d0fc94-afd2-4f97-91ec-393d36dc93c2,2020-08-02,08:54,0,Werner-OMGIGVPZg,neutral,negative,politik,politik,Wo sind jetzt die Datenschützer? Die verklagen lieber Lehrer für den online-Unterricht während des lockdown. Die Datenschützer sind nur Krakeeler ohne jemals eine Anleitung zum praxisnahen Handeln zu liefern. Hier wäre mal ein Einsatz im Feld nötig. Aber die sitzen auf ihren Sesseln und kassieren ohne Leistung ihre Beamtenbezüge. 
1be6433d-b1fc-4142-ad60-5d27f6546b8f,2021-04-26,19:28,0,NoWay,positive,negative,impfung,impfung,"Berlin, Brüssel die 16 Willy Wichtig, Frau Merkel und die u.vdl sollten nur noch eines auf ihre Agenda haben!  Impfstoff besorgen, schnell und nicht sabbeln!"
8ac5b97e-d9d0-42fb-a6ae-e9312ebb7f47,2020-05-09,08:45,0,Mondego,negative,negative,politik,politik,"Er hat Menschenleben auf dem Gewissen! Das sagt schon alles aus. Es ist kein Zufall, dass genau solche von Anomalien regierten Länder, die höchsten Opferzahlen beklagen."
1a93d459-e1f5-45e4-803a-96dac15643e5,2021-03-22,09:54,0,phrasenmaeher,negative,negative,lockdown,lockdown,"Und während man im TV leicht verwundert den spannenden Ausführungen unserer Malle-Touristen am Flughafen folgt, die sich zwar ein wenig ""wegen der Zeit im Flieger"" sorgen, sich ansonsten aber auf Sangria und Sonne freuen, obwohl von beidem in der Vergangenheit wohl schon zu viel konsumiert wurde, wird denjenigen, die sich brav an alle Auflagen und auch an die Empfehlung, nicht zu reisen, halten, erneut von unserer MP-Konferenz (die mittlerweile das gute alte Parlament abgelöst zu haben scheint) ins Knie geschossen. Was für ein nicht enden wollender, großer Spaß! "
d9331ec0-db13-4c39-91df-57d607704509,2021-07-07,11:14,0,Bruno-7pg0wMGZR,neutral,neutral,maßnahmen,maßnahmen,"nur eine kleine Kritik. Im Winter wieder die Fenster öffnen, finde ich ein wenig problematisch und die Zuschüsse des Bundes sind ja auch abhängig davon, dass Eigenanteile mitgebracht werden müssen. Deshalb kommt es einfach oft nicht zu einer Beantragung. Aber ansonsten ist das eine tolle Idee, wenn nicht wieder irgendwelche wichtigen Landeminister und/oder Schulverwaltungen bedenken anmelden."
f81b804a-a7ac-4f26-87eb-08a26cf03ff2,2021-02-19,06:31,0,Peter-0arlAz2Mg,neutral,neutral,infektion,überblick,"Bei mir im Umfeld ist jeder erkältet, das liegt an der Kälte der letzten 10 Tage. Da hat es ein Atemwegs-Virus natürlich leicht. Jetzt wird es wärmer an Wochenende, in 7 bis 10 Tagen sinken die Neuinfektionen wieder."
b1631185-a064-492d-943b-6c3b6f874d23,2020-06-27,09:35,0,Haarfoen,positive,neutral,arbeit,arbeit,"Die Vorschläge von Herrn Bauer zielen sicherlich in die richtige Richtung.  Das Problem ist nur, dass die eingesetzten Kräfte größtenteils nicht leistungswillig sind. Verbeamtete Lehrer können auch nicht gekündigt werden, es gibt kein ""Druckmittel""."
2ca6e209-200a-47d9-9ccb-251a0f05cbc3,2020-04-24,20:27,0,Markus-jszEcwqWg,negative,negative,usa,usa,"Nun ja, man sieht es deutlich: Der Mann ist ein großartiges Genie: Er möchte, dass sich möglichst viele seiner Anhänger für den DARWIN AWARD qualifizieren. Der Genpool reinigt sich selbst..."
045f2914-f68a-4ac3-af57-75b59761a44a,2021-03-08,18:49,0,Alfons_Kittler,positive,positive,lockerung,lockerung,Na endlich ! Es kehrt bei wenigstens einem Bundesland die Vernunft zurück !
c67cb9f1-6097-4d3f-804c-0ed381ca78bd,2021-03-25,11:36,0,Aquila,negative,negative,wirtschaft,impfung,"Pharmafirmen werden sich zukünftig in GB niederlassen, weil sie von dort überallhin exportieren dürfen? Echt jetzt? ;-) Finde den Fehler! Die Pharmafirmen in der EU dürfen derzeit überallhin exportieren! Die in GB dürfen umgekehrt derzeit nicht in die EU oder andere Staaten exportieren, auch die Pharmafirmen in den USA dürfen nichts exportieren, bevor nicht der Bedarf im Land gedeckt ist! ""America first"" und ""Britain first"" sind das genaue Gegenteil von dem, was der britische Minister da der Zeitung weiszumachen versucht! Protektionismus pur!"
bd72a0b7-1c36-498d-bca7-36be569dd5ff,2021-05-06,08:47,0,Haumichwech,positive,negative,impfung,überblick,"Impfen ja oder nein - 60 plus oder minus - Regeln so oder so -Verweigerer einsperren oder gutes Recht ... kann man alles diskutieren!  Nur - UND DAS IST MEIN PROBLEM - verstehe ich nix mehr! Bin 66 und lebe in SH (bin also noch nicht dran). Ruft mich mein HH (!) Internist (dort auf Warteliste) mit Impftermin an. Bekomme Biontec (obwohl das ja nur Impfzentrum und ältere AZ). Im Wartezimmer viele unter 60. Mein Sohn (28) bekommt Impftermin, weil er in der systemrelevanen Logistik arbeitet (sitzt am Computer im Homeoffice). WORÜBER wird hier prinzipiell diskutiert, wenn so oder so jeder macht was er will?"
abbc258b-42b9-4a0f-9b4d-24e0c1272ca1,2021-07-06,07:44,0,Jack123456,neutral,neutral,wirtschaft,wirtschaft,"Ist nicht so schlimm, ich nehme ein Handbesen mit um die Spinnengeweben zu entfernen, Sorgen werde ich mir machen wenn der Kapitän um 5 Minuten Geduld bittet um noch schnell einen Blick im Handbuch zu werfen. ;-) "
50fba886-66cd-4733-bfda-86319d03f336,2020-11-16,15:02,0,Markus--8pLcG9WR,negative,negative,lockdown,maßnahmen,Ist in Deutschland je ein gesundes Kind an Corona gestorben? Das Kawasakisyndrom von dem redet niemand mehr auch so eine Panikmache. Das Coronavirus ist vorallem tödlich für die Ü60 und Risikopopulation. Also ist Solidarität gefragt. Aber ich höre nur die Panikmacher und die Verleugner schreien. Jeder Lockdown erzeugt Kollateralschäden und wer will für die haften. Corona ist für Kinder nicht gefährlich. Doch eine tröstliche Tatsache.  Deutschland ein Winterschlaf. Schlafen Sie gut. 
3ac8abc6-68ef-4391-a7a1-94abce106842,2021-07-01,18:02,0,Friedrich-KwHsWvyWR,positive,negative,impfung,impfung,"Na, das kann ja jetzt lustig werden ! Es scheint aber wieder eine politische/pragmatische Entscheidung geben zu müssen. Wenn jetzt alle 1x Astra-Geimpften jetz auf Biontec/Moderna bestehen, werde  1.) hundertausend/Millionen Astra Dosen in den Kühlschränken rumliegen und vergammeln. Oder man kann sie ja in andere Länder verschieben, die es nötiger haben. So wir ja auch anderen ""Dreck"" in der zweiten und dritten Wlt verklappen. 2.) der nach wie vor knappe Impfstoff von Biontec wird jetzt auf eine noch größere Gruppe verteilt. Erst die U60, dann ü 60, dann Jugendlich, und nun auch noch alle Astra-Geimpften. Was das für den Impffortschritt insgesamt gilt kann sich (fast) jeder an 9 Fingern ausrechnen.   Sind denn nun die Astra-Erstlinge wichtiger, damit sie zeitgerecht ihren Vollschutz kriegen und damit wahrscheinlich (die Studien sind ja noch gar nicht abgeschlossen) gegen die Deltavariante geschützt sind (nicht nur ausreichend wie mit Doppel-Astra, sondern so richtig super duper !?) ? Oder wollen wir lieber mehr Leute gegen schwere Verläufe schützen und dafür nehmen der Leute auch eine zweite Astra-Impfung, damit mehr Biontec / Moderna für bisher ganz ungeimpfte bleibt ?  Und dafür bekommen sie dann eine Biontec Auffrischung als Drittimpfung, wenn sich die Versorgungslage entspannt hat !? DIe Empfehlung der Stiko alleine gesehen würde aus meiner Sicht ins Chaos führen. Eine übergeordnete Impfstrategie ist erforderlich."
5a7e4d21-6297-4de2-8ebb-002d823b2746,2020-05-15,08:37,0,Holger-tHgQQZGWg,negative,negative,wirtschaft,arbeit,"Ich glaube ich hab ein Déjà-vu. Genau diese Diskussion (Schlachtbetriebe, Werkverträge, Arbeitsbedingungen, usw.) gab's vor 15 oder 20 Jahren schon einmal. Der ganze Mist wie Hartz4-Aufstocker, Werkverträge usw. gehört wieder abgeschafft. "
f5ed9ac0-c94e-4b69-89d9-419883ab07bf,2021-07-15,06:28,0,Markus-HP_YQWxGg,neutral,neutral,infektion,überblick,"Alles vollkommen normal. Lass nur Mal eine Schulklasse infiziert sein, schon ist in manchen Stadt oder Landkreisen die Inzidenz schnell wieder bei 50."
f5066b59-50d3-402e-b3b5-e694fc222201,2020-05-15,17:05,0,Robert-JBwDxqwZg,neutral,negative,reise,überblick,"Haha, ganz witzig. Übrigens nutzt Tui die aktuelle Panik für eine Preiserhöhung: wer jetzt auf 2021 umbucht, zalhlt 25% mehr. Frühbucherrabatt eingerechnet. Eine Recherche wert?"
146ee4bf-1a7f-4c2a-ab66-aa2d8f829466,2020-09-02,14:00,0,Christian-fE57RnEWR,neutral,neutral,politik,maßnahmen,"Spahn liegt richtig mit seiner Aussage, dass man mit dem Wissen von heute und den vorhandenen Masken Friseure und Einzelhandel hätte offen lassen können. Kein Grund zu dagen, ""siehste, haben wir ja gesagt"". Vorsicht war hier richtig.  Merkel lag falsch mit ihrer Ablehnung der Masken für die Bevölkerung. Es gelingt Frau Merlot allerdings nicht, die Berichte der BILD umzubiegen, sie waren und sind korrekt. Frau Merlot liegt falsch."
03261512-f956-4a77-8d8d-2db307bede7f,2020-04-14,16:25,0,Speedmaster,neutral,neutral,maßnahmen,virus,"In 10 Jahren schaut man vielleicht zurück und schüttelt den Kopf angesichts der Fakten, die man dann hat (Aufwand, Schaden, Erfolge etc.). Aber bis dato wissen wir halt nicht viel. Gut, dass andere Länder voran gehen, da kann man viel lernen..."
5c9eb3d4-077f-4122-b916-e60e04215d23,2020-12-04,10:47,0,Kevin-zdd3tw0Mg,negative,neutral,maskenpflicht,wirtschaft,"Ich persönlich habe seit Beginn der Maskenpflicht in den öffentlichen Verkehrsmitteln mein ÖPNV-Abo gekündigt, detto meine Bahncard. Stattdessen habe ich meiner Frau nun einen Zweitwagen gekauft, damit wir weiterhin flexibel sind. Sollte die Maskenpflicht im ÖPNV jemals wieder fallen, komme ich gerne wieder zurück. "
9d8c74e6-f9e7-43d0-9c1e-75910c0b55db,2021-07-09,14:25,0,Peter-Oc8jZllWg,negative,negative,lockdown,überblick,"Ethikrat-Mitglied fordert Abkehr von der »Beschränkungslogik«  Ja, es gibt Hoffnung, dass steigende Inzidenzen nicht automatisch zum alternativlosen Reflex-Lockdown führen. Auch wenn das leider kurzfristig basierend auf unserer „genialen“ Bundesnotbremse unwahrscheinlich ist. Wurde auch gleich in NRW nach dem „Sturm der Empörung“ gg die Lockerungen und dem folgenden „Zurückrudern“ angedeutet. Bleibt nur zu hoffen, dass die direkt betroffenen schon den rechtlichen Beistand parat haben… wird ein heißer Sommer …"
1bda7efa-266c-4ed4-8455-80951e191dd8,2021-02-23,14:16,0,MisanthropPhilanthrop,positive,neutral,impfung,überblick,"Ich nehme Astrazeneca sofort. Wo muss ich hin? Selbst wir im Gesundheitsamt warten noch sehr lange und haben noch keine Rückmeldung, wann wir dran sind."
18834e3d-d267-4c65-ab0a-d698f8746fb4,2020-05-10,14:57,0,Tobias-5-uIXOjWg,positive,negative,maskenpflicht,lockerung,"Schlimm ist nicht, dass es an sich voller wird, schlimm ist schon wieder der rücksichtslose Umgang einzelner, was zum Teufel ist so schwer daran eine Maske zu tragen und Abstand zu halten. Lieber einmal stehen geblieben und gewartet als jemanden angesteckt. Lieber Fahrradfahrer auch für euch gelten die 1,5  Meter, insbesondere an der Ampel! So wenn es weiter geht, wird die Eigenverantwortung wieder eingesammelt, aber dann auch zurecht. "
e33d4f48-aaab-4875-b69f-9fe6cfac0768,2021-06-17,10:44,0,Windkraft,positive,neutral,maßnahmen,überblick,"Spahn muss weg vom Posten... Alles an Impfstoff muss immer sofort verimpft werden. Wenn es nur ca. 400000 Impfdosen Pro Woche von Astrazeneka gibt sollte der wirklich gezielt an über 60 Jährige verimpft werden... das ist in Impfzentren nicht der Fall! Vielleicht erst mal die Eltern von Kindern unter 12 Jahren Impfen. Denn da wird es dieses Jahr sicher keine Immunisierung der Kleinen geben und das bedeutet dass sonst die betreuten Kinder alle in der Familie anstecken. Es gibt nämlich kein funktionierendes Testkonzept für Kindergärten. Sachsen sollte die Maskenpflicht im Unterricht wieder einführen, da die Impfquote an Grundschulen mindestens ein Jahr noch gleich null sein wird... sonst hat breitet sich die Delta Variante wie an Englands Schulen exponentiell aus"
59525ab4-d25c-4ed7-a80f-0a80584b834b,2021-05-24,20:07,0,Der_Fritz,neutral,neutral,lockerung,lockerung,"Irgendwie schon witzig, daß die, die am meisten geschont wurden, jetzt laut jammern."
a0938769-7098-421b-9f68-a091cbfebb60,2020-05-04,19:51,0,Martin-z1Y-EcjWg,positive,positive,maßnahmen,lockerung,"Mein Sohn war heute das erste Mal seit 7 Wichen in der Kita und sagte mir, er habe etwas über Corona gelernt. Unter anderem wäscht er sich nun richtig die Hände. Ich und seine Mutter haben es wochenlang versucht, aber kollektiv mit anderen Kindern zusammen klappt es nach nur einem Tag hervorragend.  Finde ich gut. "
0210360b-673b-46a4-bb95-4998e452f1a4,2020-04-01,16:15,0,Annemarie-o6DgmlwZg,negative,negative,wirtschaft,wirtschaft,"Unsere Wischenschaftler müssen es zunächst einmal schaffen, das Coronavirus in den Griff zu bekommen. Dem muss sich alles unterordnen, denn es geht für viele Menschen um Leben und Tod. Wirtschaftlich stehen viele Unternehmer finanziell massiv unter Druck und wissen nicht, wie sie die Arbeitsplätze ihrer Mitarbeiter erhalten sollen. Sie haften oft mit großen Teilen ihres Privatvermögens. Und dann kommt Frau Esken und fordert eine Vermögensabgabe. Was hat sie nur für einen Charakter, in solch einer Krise die Menschen zu belasten, die nach der Krise für Investitionen sorgen sollen. Wenn Frau Esken ihnen dann das Geld für die dann nötigen Investitionen nimmt, glaubt sie dann denn wirklich, dass der Staat die Wirtschaft besser wieder aufbauen kann? Ich kann der SPD nur raten sich von Frau Esken als Vorsitzende wieder zu trennen, denn sie versteht nichts von der Wirtschaft und hat in der Krise nicht einmal das notwendige Feingefühl, um ein Miteinander in der Gesellschaft zu fördern."
87525e53-6338-455d-ba4b-c1c9b724c6a0,2020-08-01,16:45,0,Dirk-JzECiG8WR,negative,negative,demos,demos,"Wenn man sich die Grafiken der Johns-Hopkins-Universität anschaut sieht man dass in Deutschland und sämtlichen Nachbarländern der Graph wieder steiler nach oben geht. Absolut unverantwortlich, Demonstrationen ohne klare Regeln zu veranstalten, kaum eine/r hat ne Maske auf, alle stehen dicht zusammen und brüllen was die Lunge hergibt. Schon vergessen, dass vor wenigen Wochen ein Kirchenchor zum Hotspot wurde?  Jetzt kommen noch die Urlaubsheimkehrer, aus allen Ländern, die Demonstranten verteilen sich wieder in alle Richtungen, die Nachverfolgung wird schwieriger werden.  Was solls, wir sind ja jung und schön, kommen mit einem leichten Husten davon. Dass das Virus noch wenig erforscht ist, was Langzeitschäden für die Organe betrifft, interessiert wohl wenig.  Ich find es auch ätzend, sobald ich ein Ladenlokal betrete, eine Maske überzustülpen zu müssen, die Brille beschlägt, manchmal vergesse ich die Maske und muss noch mal zurück radeln.  In dem Kreis in dem ich lebe gibt es aktuell keine 30 Infizierte, die Chance, sich im Supermarkt zu infizieren, ist derzeit sehr gering, aber trotzdem: Nächste Woche könnten das schon 20mal mehr Infizierte sein, aus den Urlaubsgegenden und von den Demos.  Also vielen Dank an die Demo-Veranstalter, dass ihr die Solidarität mit Füßen tretet."
c050d521-4e29-4942-9d37-f99583d1ce14,2020-04-14,11:53,0,Axel-fPwBLvsZR,neutral,negative,maßnahmen,lockerung,"Kennen die Fachleute die momentanen hygienischen Zustände in den Schulen dieses ach so reichen Landes? Ich empfehle Ortstermine in den dortigen Toiletten, die über sanitäre Anlagen der 70er verfügen.  Zu wenige Waschgelegenheiten, von denen viele noch nicht einmal funktionieren. Belegt jeder Schüler beim Waschen der Hände die empfohlenen 20 Sekunden lang das Becken, werden sich lange Schlangen bilden. Bei den Abstandsregeln vermutlich 1x quer durch die Schulen. Ich hoffe, dass man das bedenkt."
a103adfe-d2b2-4bc4-8077-c0e3878c61e3,2021-06-12,14:57,0,Krude-YPQ456MMR,neutral,neutral,impfung,fussball,"Ich bin jetzt echt kein Fan von Turnieren während der Pandemie und habe auch entschieden etwas gegen Bevorzugung. Aber in Anbetracht dessen, dass die VIPs und Superreichen wie die Quandts usw. mit Sicherheit schon alle gimpft sind, was hätten da 300-400 Impfdosem für die deutsche Mannschaft für einen Unterschied gemacht?  Jetzt rennt da der Tross durch die Gegend, reist durch Länder und hat einfach auch körperlich Kontake während die Delta-Variante in Europa Fuß fasst... "
97ecf46f-d45d-4703-8e3b-584c8da319cc,2020-09-11,09:08,0,Spelda,positive,neutral,maskenpflicht,maskenpflicht,"Mag ja sein, das der Artikel ein Aufruf zum Maskentragen ist. Aber es erscheint plausibel, das eine geringe Menge Viren die Abwehrkräfte des Körpers stärkt. Außerdem sehen die meisten Menschen mit Maske viel hübscher aus. Daher sollten wir auch nach Corona in der Öffentlichkeit Masken tragen. Auch zum Schutz gegen Erkältung und Grippe."
cc762322-1533-4bdb-9bfe-f4a9e59dd7ac,2020-03-17,15:46,0,alphajet,negative,negative,politik,reise,"Ein unfassbares Versagen! Nach der Krise wird das grandiose Versagen der Verantwortlichen in Berlin, Rom, Brüssel u.a. Hauptstädten schonungslos aufgearbeitet werden (müssen)."
10f3286b-4390-4552-b8b2-8cdf8d05a27a,2020-02-20,16:40,0,Pat-Npc2hFPZR,neutral,neutral,wirtschaft,wirtschaft,Hat AirFrance eigentlich jemals Geld verdient ? So auch ohne „China-Probleme“ ? 
dd32ef96-caff-4fe5-bdaf-2751afc6dfe1,2021-07-10,07:55,0,Water-lhEZCt-GR,positive,neutral,impfung,überblick,"Ich verstehe nicht warum man nicht noch 2 Wochen auf die Ergebnisse des sehr gut designten britischen Inselexperimentes einschließlich EM-Endspiel und Sieg wartet. (Ich gehe ja mal davon aus dass wir die Engländer haben gewinnen lassen um die Probanden in optimale Feierstimmung zu versetzen) Wir sind ja letztlich darauf angewiesen dass die Wirksamkeit der Impfung gegen schwere Verläufe und Krankenhauseinweisungen so hoch bleibt wie sie glücklicherweise ist. Mit einer Bevölkerung die in großen Teilen noch nicht einmal zu Spitzenzeiten der Inzidenzen und Todeszahlen motivierbar war eine FFP-2-Maske dicht bei Rsikobegegnungen zu tagen ist an Impfquote wohl einfach nicht mehr drin. Impfzugang erleichtern, nochmals in noch einfacherer Sprache aufklären wem eine Impfung persönlich etwas bringt und dann soweit alles hochfahren wie es der Verlauf erlaubt. "
ef9043f8-4c02-4345-ae32-3a68e86a5cbc,2020-04-29,16:10,0,Bernd-UTQujGGWg,negative,negative,usa,usa,"Laßt uns einfach mal so vorgehen, wie es uns die Amerikaner vormachen. Laßt uns die Augen schließen und glauben, daß im Nachbarstaat nichts als unbekanntes Land/Leben stattfindet. Laßt uns einfach genauso naturblöd wie Amerikas Trump-Wähler handeln.  Wir brauchen dieses Amerika in dieser Form nicht mehr. PUNKT"
fdfabd58-1a99-47be-93a8-cbdb22dd0e43,2020-04-22,18:56,0,Klaus-RfLFFIEWR,negative,negative,politik,politik,"Endlich wieder Opposition   Habe den Eindruck,  ör und Medien fallen als 4. Kraft derzeit aus, nichts wird hinterfragt was sich so.in d politisch ereignet.   Welche Position hat der Spiegel,  oder begleitet er nur die Politik in d.  Es reicht nicht, sich über Trump auszulassen und das Geschehen hier unter Merkel durch die rosarote Brille zu sehen. Wo bleibt die Meinung des Spiegels zum herumgeeiere bzgl Masken.   Spahn bittet jetzt schon um absolution für all,die Fehler Fieber gemacht hat.  Hat die Regierung die Reproduktionsrate zu spät beachtet, war der Lockdown übereilt?  Das wären doch Fragen,  warum stellt sie der Spiegel nicht  Begleitentner nur   Das wäre zu wenig"
51db8bf3-1660-4689-a132-10b9004362ad,2021-03-24,09:20,0,ebi800,neutral,neutral,lockdown,lockdown,"Man wird wahrscheinlich über Test- und Impfstrategie sprechen. Und nicht darüber, ob Ostersamstag die Friseure .... ääääää ... wohl eher doch über Friseure."
aeab9367-d355-4de3-8f11-2f21a0c34939,2021-01-24,13:36,0,Anna-cezlbqjZg,negative,negative,maßnahmen,überblick,"In den Niederlanden lassen sich also Menschen das ""solidarisch sein"" nicht mehr einfach so verordnen. Mal sehen, welche drakonischen Strafen hier gleich gefordert werden....  Quarantäne? Knast? Behandlungskosten selber zahlen? Oder gleich auf dem Krankenhausparkplatz ersticken lassen??"
7abfd5e9-0b6f-43f0-8f5a-2c73ca8f45a5,2021-05-20,09:55,0,Kamillo,neutral,neutral,maßnahmen,überblick,"Die Übersicht ist nett gemeint, aber jetzt muss man dennoch selbst rechericheren, wie der aktuelle Status ist. Besser wäre, bei jedem Bundesland dazu zu schreiben, wie denn die tatsächliche aktuelle Situation ist."
ec18ed82-88ea-4ea0-b1f7-fd0754cc2f4a,2021-04-15,11:06,0,Guido-HQtLHPgGR,negative,negative,lockdown,lockdown,"LoL Wieder ein An griff auf berufstätige Eltern. Mir ist kein Ausbuch in Schulen in Deutschland bekannt, es mag welche gegeben haben, aber 99% aller Berichte waren Schulschließungen weil sich Schüler familier angesteckt haben. Anscheinend recht es schon wenn berufstätige Eltern zwangsweise zu hause bleiben. Daraus kann geschlossen werden a. Schulschließung ist nur Augenwische rei und b. Corona kommt aus der Firma ins familiere"
2a8d6123-56ad-456a-9de2-a57b6e9aeff5,2021-01-11,21:35,0,Evolutionary_Road,neutral,neutral,impfung,impfung,"Ich werfe mal ein Unterthema in den Raum. Mal sehen, ob es Meinungen dazu gibt. Ugur Sahin (BioNTech CEO) hat vorhin bei CNBC erzählt, dass bisher weder das Entwicklerteam des BioNTech-Impfstoffs noch er selbst geimpft werden “durften”.  Was halten Sie davon?"
32bcd751-f7aa-4c17-bf5a-ea168fdec71b,2021-06-22,11:01,0,Hopfezupfe,positive,positive,impfung,überblick,"Primrose Hill, bestes Wetter, die Londoner feiern den Sommer mit Picknick und Pimms. Und haben eine hohe Impfquote. Nächstes Wochenende bin ich mit auf dem Hügel und stoße als Geimpfter auf mein Ende der Pandemie an."
7fde3261-c27b-426e-819c-51c1c95f9964,2020-05-13,09:46,0,Gerhard-g3a3A-0Wg,negative,negative,infektion,infektion,Was soll das Gerede vom Sommer? In allen Weltregionen gibt es Infektionen. Sagt doch alles
80e04001-f1c3-45d5-9371-2be5de98653e,2020-04-28,11:40,0,Matthias-CK1qnfEWg,neutral,neutral,lockdown,lockdown,"Wo liegt denn hier genau die Strenge? Im Spanien darf man 6 Wochen Gar keiner raus. Im Artikel wird nicht ersichtlich, warum die Freiheit in Serbien noch weiter eingeschränkt wird."
7d9c8519-86e3-47ef-a7f1-6efc70854949,2021-01-24,16:34,0,Doris Däumig-iuveyAfGR,neutral,neutral,schnelltests,lockdown,"Mitte der Woche ? Ein PCR Test dauert im Labor einige Stunden , warum dauert das dann so lange"
3f98f45a-95e0-4eea-95d2-5bf053d2cc41,2020-05-10,06:35,0,Laureus,negative,negative,politik,politik,"Lieber Herr Kurbjuweit,  ein „Zentrum der Macht“, wie Sie es in Ihrem Artikel postulieren, gibt es ja in der Form Gründung der Bundesrepublik mit Absicht nicht mehr. Dass sich die Vereinheitlichung von Bundes- und Landesregierungen der letzten Wochen wieder auflöst, ist ein gutes Zeichen für unsere Demokratie, jeglicher damit möglicherweise einhergehender „Machtverlust“ nur die Rückkehr in die föderalen Verhältnisse, die unser Land politisch ausmachen.  PS: Ihr Postulat nach einem „Zentrum der Macht“ liest sich ein wenig, als hätten Sie eine leichte Sehnsucht nach einem „starken Führer“. Davon kann ich mit Blick auf die Geschichte nur abraten."
3ff019c4-aaa1-416e-974c-b12698bf8c57,2020-09-27,14:33,0,Matthias-DGg_U4MWg,neutral,negative,maßnahmen,infektion,"Bundeseinheitliche Regelungen würden nur den Wettbewerb zwischen den Bundesländern einschränken, der ja in vielen Bereichen für Innovation sorgt (z.B. bei Bildung, bei Steuern, ...).  Wem die Regeln im eigenen Bundesland nicht passen, kann ja umziehen bzw. die Feier in einem anderen Bundesland abhalten!"
fc320d15-0087-4b37-bfcd-292c9b005741,2021-01-03,00:12,0,AL3000,negative,negative,politik,lockdown,Läuft sein Monaten voran und profiliert sich immer wenn es geht und jetzt Herrn Spahn und der EU in den Rücken fallen. Gott bewahre uns vor wenn er Kanzlerkandidat und am Ende Kanzler wird!
2cc462b2-ee14-4c52-b242-cd9d356b4d1d,2020-03-26,15:45,0,Markus-CxPfYIPZR,negative,negative,wirtschaft,infektion,"Wovon träumen die nachts? Wann soll denn die aktuelle Krise vorbei sein? Wenn vom Virus keine Gefahr mehr droht, gibt es kein Geld mehr zum Verteilen. Hat man immer noch nicht begriffen, dass diejenigen, die das Geld zum Umverteilen erwirtschaften, gerade selbst in Not geraten?"
6c088467-0d75-4c32-b4c6-eefcd9c0e3e3,2020-04-19,14:42,0,Urs-kHEgF73Zg,positive,positive,politik,wirtschaft,"Gut so., bravo. Imnerhin ein Minister der Groko, der endlich konkrete Ideen hat. Von Frau Raute erwarte ich das schon seit 10 Jahren nicht mehr. "
8bbec181-1af9-41f7-adf7-e5aeb08f1524,2020-05-19,07:03,0,Nozomi07,neutral,negative,infektion,infektion,"Es fällt auf, dass die Infektion was mit lautem Sprechen, Schreien, Singen zu tun hat.  Wenn Supermarkt sowie Bahn und Bus gefährlich wären, hätten wir andere Infektionszahlen. Aber da schweigt man sich ja meistens an."
58b574ef-bd62-4993-a793-46858d277576,2021-01-19,15:42,0,Heinz-FEl-jHRGg,neutral,neutral,reise,reise,Die Beerdigung der Mutter muesste sich doch ueberpruefen lassen ? Waere zumindest bei der Ordnungsstrafe zu beruecksichtigen.
b51d2efc-7f2f-44fa-9528-ffff9f020a3d,2021-07-13,16:33,0,Team_Reality,neutral,negative,impfung,impfung,Ungeimpfte gefährden also Geimpfte? Die Panikdemie geht in die nächste Runde...
7336e987-95ff-4a26-9f2d-631b59692b91,2020-04-29,18:01,0,Glonntaler,positive,positive,politik,impfung,Absolut richtig und wichtig. Herr Spahn hat recht.
fc599f13-d653-4d24-ae78-01194cc00de2,2021-03-31,14:36,0,SoWhat,negative,negative,politik,überblick,"Inzidenz von über 1100 in Blaufelden »Die Ursprungsquelle waren zwei Kindergärten«  Tja, dafür sollte man diese Gesundheits- und Kultusminisert sofort feuern.  Erst behaupten Sie die Kitas und Schulen wären keine Pandemietreiber ohne je einen Beweis oder wissenschaftliche Grundlage dafür zu geben, lockern auf Corvid-komm-raus und dann erwischt es die Reihenweise.  dass ist kein Versagen, dass ist gemeingefährliche Bl*öd*heit und experimentieren auf Kosten des Volkes... Wann werden die endlich persönlich zur Rechenschaft gezogen?  Wenn man keine Ahnung hat, kann man sagen, ok, keine Ahnung - weis ich nicht. Man kann auch sagen, weil wir es noch nicht wissen gehen wir vorsichtshalber davon aus, dass es dort genau so zu Übertragungen kommen kann. Aber in ihrer Selbstherrlichkeit und unermesslichem Ratschluß werden erst solche hohen Inzidenzzahlen durch leihctsinn und Dummheit und Hinterherreagieren möglich gemacht. Bei Lockern denke ich immer bei denen ist da oben was locker.  Wie kann man so ahnungslos hochbezahlt durch die Murmeltiertage stolpern?   "
abbc258b-42b9-4a0f-9b4d-24e0c1272ca1,2021-07-06,07:55,0,Ty-4Fa_s93Gg,positive,neutral,reise,reise,"Was wird sich denn nun eigentlich ändern, nach Corona und angesichts des Klimawandels? Vielleicht werden wir in Deutschland Inlandsflüge so teuer machen, daß sie unattraktiv werden. Deutschland ist recht klein, da können diese Flüge vielleicht wirklich weg. Für andere Länder wie die USA sehe ich da keine Chance.  Bleiben die Langstrecken. Wir alle wissen, daß Fliegen umweltschädlich ist, aber ist es wirklich wünschenswert, wenn die Menschheit nur noch um ihren eigenen Kirchturm kreist und sich die Welt auf irgendwelchen Monitoren ansieht? Sollen nur noch Reiche fliegen dürfen, so wie es in den 50ern war?  Ich mache jedenfalls seit vielen Jahren nur noch in Deutschland Urlaub. Es gibt hier so viele Ecken, die ich noch nie gesehen habe, wo man toll Urlaub machen kann. Aber ich gebe zu, es juckt mich, mir auch mal wieder einen anderen Kontinent anzusehen."
1a93d459-e1f5-45e4-803a-96dac15643e5,2021-03-21,20:00,0,Walkerin,neutral,neutral,lockdown,lockdown,"Das ist die einzige Möglichkeit, anders geht es derzeit nicht. "
7e064c5f-454f-4a6b-9697-1d2646b6719d,2021-07-04,06:37,0,Friedrich_Eckard,neutral,neutral,infektion,überblick,"Ich möchte mich bestimmt der Verharmlosung nicht verdächtig machen, aber: sind bei den inzwischen erreichten absolut recht niedrigen Zahlen solche Schwankungen nicht zu erwarten? Schon ein lokaler ""Aussreisser"" kann sie doch schon wieder hochtreiben, und auf eine wie immer geartete Tendenz kann man daraus m.E. nicht schliessen."
58b574ef-bd62-4993-a793-46858d277576,2021-01-21,12:23,0,Andreas-eYSBdk_Wg,negative,negative,reise,reise,"Schön luftdicht in Stretchfolie verpacken und ""Gute Reise""!   Unverständlich, dass bei ansteckenderen Coronamutationen, es überhaupt Luftverkehr und freiwillig Flugreisende gibt! "
9df0f9c6-7a4b-47f4-9037-f33407ea1a67,2020-03-17,16:45,0,Dieter-QmI9ucPWR,neutral,neutral,intensivstationen,intesivstationen,"Auch wenn neue Betten zur Verfügung stehen, es braucht auch Personal, dass die Kranken versorgt. Wo will man das so schnell herbekommen? Es fehlt doch schon in Normalzeiren viel Personal. "
e65e0c1d-8acb-4348-8fd8-e8dc2a759178,2020-05-17,17:58,0,quercusuevus,neutral,neutral,maskenpflicht,maskenpflicht,"Das Gesicht ist für Politiker nun mal Arbeitsmittel. Deswegen trägt Trump keine Maske, und auch Merkel nicht. "
57832ed8-9f87-4731-8e0e-58dcfba2a4fe,2020-04-16,11:18,0,Koma-5SNw9K9Zg,negative,negative,usa,usa,Mr. Trump macht das was er immer macht - egal in welcher Position oder an welchem Ort er sich gerade befindet. Er lebt in seiner Blase und er hat damit Erfolg oder er hat ihn nicht. Das ist ihm völlig wurscht. Er hat am Tag nach seiner Slogans und Logos für den Wahlkampf 2020 markenrechtlich registrieren lassen. Er hat hat die Wahgl gewonnen und er hat umgehend den Kampf um die Wiederwahl begonnen. Regiert hat der nie. Das interessiert ihn doch nicht. Er ist ein Krieger. Alles ist Kampf. Wer nicht kämpft ist in seinen Augen wertlos.
